Student_ID,Name,Surname,Phone number,Email Address,Age
2020100,William,Edwards,7782181989,William.Edwards@lonuniversity.com,25
2020101,Jessica,Gray,7822601154,Jessica.Gray@lonuniversity.com,23
2020102,Robert,Gray,7883220884,Robert.Gray@lonuniversity.com,22
2020103,David,Edwards,7626048277,David.Edwards@lonuniversity.com,24
2020104,Thomas,Payne,7608279140,Thomas.Payne@lonuniversity.com,25
2020105,Andrew,Lewis,7616702110,Andrew.Lewis@lonuniversity.com,22
2020106,Anna,Taylor,7679123586,Anna.Taylor@lonuniversity.com,26
2020107,Jessica,Gray,7607607470,Jessica.Gray@lonuniversity.com,25
2020108,Anna,Gray,7917774430,Anna.Gray@lonuniversity.com,24
2020109,Robert,Taylor,7571213612,Robert.Taylor@lonuniversity.com,24
2020110,Patricia,Owen,7776431747,Patricia.Owen@lonuniversity.com,24
2020111,Mary,Foster,7911638216,Mary.Foster@lonuniversity.com,23
2020112,James,Wright,7953042767,James.Wright@lonuniversity.com,25
2020113,Sandra,Baker,7955924865,Sandra.Baker@lonuniversity.com,23
2020114,Matthew,Holmes,7816601412,Matthew.Holmes@lonuniversity.com,23
2020115,Alex,Payne,7917176052,Alex.Payne@lonuniversity.com,22
2020116,Barbara,Collins,7981231062,Barbara.Collins@lonuniversity.com,25
2020117,Barbara,Anderson,7843312091,Barbara.Anderson@lonuniversity.com,26
2020118,Joseph,Wright,7516677309,Joseph.Wright@lonuniversity.com,22
2020119,Robert,Cooper,7883965262,Robert.Cooper@lonuniversity.com,24
2020120,Charles,Holmes,7679914283,Charles.Holmes@lonuniversity.com,25
2020121,Elizabeth,White,7690650440,Elizabeth.White@lonuniversity.com,25
2020122,Jennifer,Baker,7511937108,Jennifer.Baker@lonuniversity.com,26
2020123,Alex,Edwards,7823234592,Alex.Edwards@lonuniversity.com,22
2020124,William,Collins,7654637272,William.Collins@lonuniversity.com,23
2020125,Anna,Harris,7587469051,Anna.Harris@lonuniversity.com,26
2020126,Paul ,Adams,7576977739,Paul .Adams@lonuniversity.com,23
2020127,Karen,Baker,7843831196,Karen.Baker@lonuniversity.com,23
2020128,Anna,Clarke,7980229564,Anna.Clarke@lonuniversity.com,26
2020129,Paul ,Fisher,7745201429,Paul .Fisher@lonuniversity.com,26
2020130,Matthew,Cooper,7842107559,Matthew.Cooper@lonuniversity.com,23
2020131,Charles,Foster,7754016173,Charles.Foster@lonuniversity.com,26
2020132,Thomas,Gray,7974687647,Thomas.Gray@lonuniversity.com,24
2020133,Anna,Baker,7843974267,Anna.Baker@lonuniversity.com,22
2020134,Jessica,Foster,7752477964,Jessica.Foster@lonuniversity.com,24
2020135,Barbara,White,7805890235,Barbara.White@lonuniversity.com,22
2020136,Patricia,Taylor,7942767697,Patricia.Taylor@lonuniversity.com,22
2020137,Robert,Gray,7602807944,Robert.Gray@lonuniversity.com,24
2020138,Paul ,Wright,7673517036,Paul .Wright@lonuniversity.com,23
2020139,Robert,White,7698182252,Robert.White@lonuniversity.com,25
2020140,Sandra,Walker,7591873896,Sandra.Walker@lonuniversity.com,22
2020141,Robert,Baker,7735586398,Robert.Baker@lonuniversity.com,25
2020142,James,Owen,7827534759,James.Owen@lonuniversity.com,26
2020143,Karen,Baker,7814747737,Karen.Baker@lonuniversity.com,22
2020144,William,Owen,7949761753,William.Owen@lonuniversity.com,26
2020145,Michael,Allen,7835076134,Michael.Allen@lonuniversity.com,24
2020146,Richard,Stevens,7628034626,Richard.Stevens@lonuniversity.com,22
2020147,David,Bailey,7751173190,David.Bailey@lonuniversity.com,23
2020148,Richard,Smith,7860677459,Richard.Smith@lonuniversity.com,26
2020149,Sarah,Lewis,7697215666,Sarah.Lewis@lonuniversity.com,24
2020150,Patricia,Adams,7892971637,Patricia.Adams@lonuniversity.com,25
2020151,Elizabeth,Gray,7753604081,Elizabeth.Gray@lonuniversity.com,24
2020152,Linda,Harris,7682803816,Linda.Harris@lonuniversity.com,24
2020153,Richard,Taylor,7934455480,Richard.Taylor@lonuniversity.com,26
2020154,Andrew,White,7991625008,Andrew.White@lonuniversity.com,24
2020155,Barbara,Stevens,7758964523,Barbara.Stevens@lonuniversity.com,23
2020156,Michael,Smith,7795968487,Michael.Smith@lonuniversity.com,22
2020157,Mary,White,7655594538,Mary.White@lonuniversity.com,22
2020158,Karen,Edwards,7725914317,Karen.Edwards@lonuniversity.com,25
2020159,Linda,Robinson,7662527988,Linda.Robinson@lonuniversity.com,22
2020160,Robert,White,7562397119,Robert.White@lonuniversity.com,22
2020161,Paul ,Lewis,7781826081,Paul .Lewis@lonuniversity.com,24
2020162,Paul ,White,7847002168,Paul .White@lonuniversity.com,22
2020163,Karen,Clarke,7913433652,Karen.Clarke@lonuniversity.com,26
2020164,Lisa,Webb,7902290952,Lisa.Webb@lonuniversity.com,26
2020165,Steven,Taylor,7658727570,Steven.Taylor@lonuniversity.com,22
2020166,Daniel,Gray,7845667386,Daniel.Gray@lonuniversity.com,26
2020167,Daniel,Holmes,7753995467,Daniel.Holmes@lonuniversity.com,23
2020168,Sandra,Robinson,7712701127,Sandra.Robinson@lonuniversity.com,25
2020169,Lisa,Owen,7807899842,Lisa.Owen@lonuniversity.com,26
2020170,Karen,Wilson,7596832406,Karen.Wilson@lonuniversity.com,24
2020171,James,Foster,7753388265,James.Foster@lonuniversity.com,25
2020172,Christopher,Clarke,7767591957,Christopher.Clarke@lonuniversity.com,25
2020173,Sandra,Foster,7970153376,Sandra.Foster@lonuniversity.com,26
2020174,Jessica,Smith,7530208137,Jessica.Smith@lonuniversity.com,23
2020175,Paul ,Edwards,7714141322,Paul .Edwards@lonuniversity.com,24
2020176,Richard,Edwards,7514168074,Richard.Edwards@lonuniversity.com,25
2020177,Elizabeth,Harris,7984567763,Elizabeth.Harris@lonuniversity.com,22
2020178,Paul ,Bailey,7925150941,Paul .Bailey@lonuniversity.com,26